SettlementPoint,Year,HourlyVolatility
HB_SOUTH,2016,0.20902615565426777
HB_WEST,2017,0.24761455968272927
HB_WEST,2018,0.30250430744478846
HB_PAN,2019,0.6316345305022137
